"1","Registered S3 method overwritten by 'dplyr':
  method           from
  print.rowwise_df     
Registered S3 methods overwritten by 'dbplyr':
  method         from
  print.tbl_lazy     
  print.tbl_sql      
[37m-- [1mAttaching packages[22m --------------------------------------- tidyverse 1.3.0 --[39m
[37m[32mv[37m [34mggplot2[37m 3.3.0     [32mv[37m [34mpurrr  [37m 0.3.4
[32mv[37m [34mtibble [37m 3.0.1     [32mv[37m [34mdplyr  [37m 0.8.5
[32mv[37m [34mtidyr  [37m 1.0.2     [32mv[37m [34mstringr[37m 1.4.0
[32mv[37m [34mreadr  [37m 1.3.1     [32mv[37m [34mforcats[37m 0.5.0[39m
[37m-- [1mConflicts[22m ------------------------------------------ tidyverse_conflicts() --
[31mx[37m [34mdplyr[37m::[32mfilter()[37m masks [34mstats[37m::filter()
[31mx[37m [34mdplyr[37m::[32mlag()[37m    masks [34mstats[37m::lag()[39m
Loading required package: xml2

Attaching package: â€˜rvestâ€™

The following object is masked from â€˜package:purrrâ€™:

    pluck

The following object is masked from â€˜package:readrâ€™:

    guess_encoding

Registering Windows fonts with R
"
